Scenario,Testing Type,Severity,Priority,Feature Name,Sub Feature Name,Test Conditions,Test Idea,Test Data,Acceptance Criteria,Test Steps
Submitting a form with required fields left empty in Bugasura.,Error Handling,CRITICAL,P1,Adding Test cases,Add or link test cases from the repository or create new ones,This involves trying to submit a form without filling out mandatory fields.,Examining Bugasura's response when not all required fields are filled.,"[{""type"":""text"",""key"":"""",""value"":""A form with mandatory fields blank.""}]",,"Step 1: Open the web browser. 
Step 2: Navigate to 'https://www.flipkart.com'. 
Step 3: Add an item to the cart and proceed to checkout. 
Step 4: Select 'PayPal' as the payment method. 
Step 5: Complete the payment through PayPal. 
Step 6: Verify that the transaction is processed without errors. 
Step 7: Repeat the above steps for other supported gateways (e.g., Stripe). 
Step 8: Ensure all transactions are processed correctly through each gateway. "
Observing the behavior when attempting to upload files in unsupported formats to Bugasura.,Functionality,HIGH,P2,Adding Test cases,Add or link test cases from the repository or create new ones,,Exploring how Bugasura responds to unsupported file uploads.,"[{""type"":""text"",""key"":"""",""value"":""Files in .exe, .bat, and .zip formats.""}]",The system should display an error message indicating the file format is unsupported.,
Creating new requirements.,Functionality,HIGH,P3,Adding Requirements,Add or link requirements from the existing list or create new ones,This scenario explores if users can create new requirements within the sprint.,Validating the creation process for new requirements.,"[{""type"":""text"",""key"":""email"",""value"":""Add Requirement""},{""type"":""text"",""key"":"""",""value"":""Edit Requirement""},{""type"":""text"",""key"":"""",""value"":""Delete Requirement""}]","New requirements should be saved successfully, appear in the list, and be editable.",
"Exploring how the widget displays pass, fail, and untested statuses for each feature.",Functionality,MEDIUM,P4,Feature vs Acceptance Criteria Widget,Testing Coverage,The widget should accurately reflect the status of each feature's acceptance criteria based on test execution data.,,"[{""type"":""text"",""key"":"""",""value"":""Test execution data with various statuses (pass, fail, untested) for multiple features.""}]","The widget should display correct statuses for all features, with no discrepancies.",
Exploring how risks are categorized based on failed instances.,Functionality,LOW,P1,Product Risk Widget,Impact Calculation,"Check that risks are categorized into performance, user experience, compatibility, and security based on failed test cases.",Validate the system's ability to categorize risks accurately.,"[{""type"":""text"",""key"":"""",""value"":""Failed test cases with known risk factors..""}]",The system should categorize risks into the specified categories without misclassification.,
